[
{
  "fields": {
    "profile_url": null,
    "email": "",
    "name": "Mart\u00edn Gait\u00e1n"
  },
  "model": "planet.author",
  "pk": 1
},
{
  "fields": {
    "profile_url": null,
    "email": "",
    "name": "C\u00e9sar"
  },
  "model": "planet.author",
  "pk": 2
},
{
  "fields": {
    "profile_url": null,
    "email": "",
    "name": "facundo"
  },
  "model": "planet.author",
  "pk": 3
},
{
  "fields": {
    "profile_url": "https://plus.google.com/112332084418239083846",
    "email": "noreply@blogger.com",
    "name": "Gabriel Pati\u00f1o"
  },
  "model": "planet.author",
  "pk": 4
},
{
  "fields": {
    "profile_url": null,
    "email": "",
    "name": "nercof"
  },
  "model": "planet.author",
  "pk": 5
},
{
  "fields": {
    "profile_url": null,
    "email": "",
    "name": "Juanjo"
  },
  "model": "planet.author",
  "pk": 6
},
{
  "fields": {
    "profile_url": null,
    "email": "",
    "name": "Manuel Kaufmann"
  },
  "model": "planet.author",
  "pk": 7
},
{
  "fields": {
    "profile_url": null,
    "email": "",
    "name": "Marcelo"
  },
  "model": "planet.author",
  "pk": 8
},
{
  "fields": {
    "profile_url": null,
    "email": "",
    "name": "cHagHi"
  },
  "model": "planet.author",
  "pk": 9
},
{
  "fields": {
    "profile_url": "http://www.blogger.com/profile/11301926447863357282",
    "email": "noreply@blogger.com",
    "name": "alecu"
  },
  "model": "planet.author",
  "pk": 10
},
{
  "fields": {
    "profile_url": "http://www.blogger.com/profile/03207555194934755045",
    "email": "noreply@blogger.com",
    "name": "tenuki"
  },
  "model": "planet.author",
  "pk": 11
},
{
  "fields": {
    "profile_url": null,
    "email": "",
    "name": "Roberto Alsina"
  },
  "model": "planet.author",
  "pk": 12
},
{
  "fields": {
    "profile_url": "http://www.blogger.com/profile/15090340264598657642",
    "email": "noreply@blogger.com",
    "name": "Sebastian"
  },
  "model": "planet.author",
  "pk": 13
},
{
  "fields": {
    "profile_url": null,
    "email": "",
    "name": "Mariano Guerra"
  },
  "model": "planet.author",
  "pk": 14
},
{
  "fields": {
    "profile_url": null,
    "email": "",
    "name": "waldo"
  },
  "model": "planet.author",
  "pk": 15
},
{
  "fields": {
    "profile_url": "http://www.blogger.com/profile/05923879331840862747",
    "email": "noreply@blogger.com",
    "name": "Diego Sarmentero"
  },
  "model": "planet.author",
  "pk": 16
},
{
  "fields": {
    "profile_url": "https://plus.google.com/115268258236756576729",
    "email": "noreply@blogger.com",
    "name": "Manuelito Jimenez"
  },
  "model": "planet.author",
  "pk": 17
},
{
  "fields": {
    "profile_url": null,
    "email": "",
    "name": "Pato"
  },
  "model": "planet.author",
  "pk": 18
},
{
  "fields": {
    "profile_url": null,
    "email": "",
    "name": "machiconca"
  },
  "model": "planet.author",
  "pk": 19
},
{
  "fields": {
    "profile_url": null,
    "email": "",
    "name": "dante555"
  },
  "model": "planet.author",
  "pk": 20
},
{
  "fields": {
    "profile_url": null,
    "email": "",
    "name": "x0iz"
  },
  "model": "planet.author",
  "pk": 21
},
{
  "fields": {
    "profile_url": null,
    "email": "",
    "name": "\u00b7:Yo Mendieta:\u00b7"
  },
  "model": "planet.author",
  "pk": 22
},
{
  "fields": {
    "profile_url": null,
    "email": "",
    "name": "pablomaticux"
  },
  "model": "planet.author",
  "pk": 23
},
{
  "fields": {
    "profile_url": null,
    "email": "",
    "name": "riverplatense"
  },
  "model": "planet.author",
  "pk": 24
},
{
  "fields": {
    "profile_url": null,
    "email": "noreply@blogger.com",
    "name": "Joaqu\u00edn Sorianello"
  },
  "model": "planet.author",
  "pk": 25
},
{
  "fields": {
    "profile_url": null,
    "email": "noreply@blogger.com",
    "name": "Joac"
  },
  "model": "planet.author",
  "pk": 26
},
{
  "fields": {
    "profile_url": "http://www.blogger.com/profile/18432190143701612973",
    "email": "noreply@blogger.com",
    "name": "D'Artagnan"
  },
  "model": "planet.author",
  "pk": 27
},
{
  "fields": {
    "profile_url": null,
    "email": "noreply@blogger.com",
    "name": "Gutes"
  },
  "model": "planet.author",
  "pk": 28
},
{
  "fields": {
    "profile_url": "http://www.blogger.com/profile/12036370769834446967",
    "email": "noreply@blogger.com",
    "name": "Eva Per\u00f3n"
  },
  "model": "planet.author",
  "pk": 29
},
{
  "fields": {
    "profile_url": "http://www.blogger.com/profile/14949586999780473522",
    "email": "noreply@blogger.com",
    "name": "alejolp"
  },
  "model": "planet.author",
  "pk": 30
},
{
  "fields": {
    "profile_url": "http://www.blogger.com/profile/07759999921639819363",
    "email": "noreply@blogger.com",
    "name": "Fisa"
  },
  "model": "planet.author",
  "pk": 31
},
{
  "fields": {
    "profile_url": null,
    "email": "",
    "name": "Esteban"
  },
  "model": "planet.author",
  "pk": 32
},
{
  "fields": {
    "profile_url": "http://www.blogger.com/profile/11096123777484326185",
    "email": "noreply@blogger.com",
    "name": "mRt"
  },
  "model": "planet.author",
  "pk": 33
},
{
  "fields": {
    "profile_url": null,
    "email": "",
    "name": "Carlos Joel"
  },
  "model": "planet.author",
  "pk": 34
},
{
  "fields": {
    "profile_url": null,
    "email": "noreply@blogger.com",
    "name": "Pablo Arroyo"
  },
  "model": "planet.author",
  "pk": 35
},
{
  "fields": {
    "profile_url": "",
    "email": "",
    "name": "Alberto Paparelli"
  },
  "model": "planet.author",
  "pk": 36
},
{
  "fields": {
    "profile_url": "https://plus.google.com/109197123025560796978",
    "email": "noreply@blogger.com",
    "name": "Pablo Alejandro Costesich"
  },
  "model": "planet.author",
  "pk": 37
},
{
  "fields": {
    "profile_url": "http://www.blogger.com/profile/09760272574200046008",
    "email": "noreply@blogger.com",
    "name": "Mariano Reingart"
  },
  "model": "planet.author",
  "pk": 38
},
{
  "fields": {
    "profile_url": null,
    "email": "",
    "name": "elbarto"
  },
  "model": "planet.author",
  "pk": 39
},
{
  "fields": {
    "profile_url": null,
    "email": "",
    "name": "Juan BC"
  },
  "model": "planet.author",
  "pk": 40
},
{
  "fields": {
    "profile_url": null,
    "email": "",
    "name": "ralgozino"
  },
  "model": "planet.author",
  "pk": 41
},
{
  "fields": {
    "profile_url": null,
    "email": "noreply@blogger.com",
    "name": "Juan BC"
  },
  "model": "planet.author",
  "pk": 42
},
{
  "fields": {
    "profile_url": null,
    "email": "noreply@blogger.com",
    "name": "Mariano Reingart"
  },
  "model": "planet.author",
  "pk": 43
},
{
  "fields": {
    "profile_url": null,
    "email": "noreply@blogger.com",
    "name": "Romina"
  },
  "model": "planet.author",
  "pk": 44
},
{
  "fields": {
    "profile_url": "http://www.blogger.com/profile/03497599281269161683",
    "email": "noreply@blogger.com",
    "name": "J."
  },
  "model": "planet.author",
  "pk": 45
},
{
  "fields": {
    "profile_url": null,
    "email": "noreply@blogger.com",
    "name": "J."
  },
  "model": "planet.author",
  "pk": 46
},
{
  "fields": {
    "profile_url": "https://plus.google.com/101231864759295689386",
    "email": "noreply@blogger.com",
    "name": "Gonzalo Martinez"
  },
  "model": "planet.author",
  "pk": 47
},
{
  "fields": {
    "profile_url": null,
    "email": "",
    "name": "Damian Avila"
  },
  "model": "planet.author",
  "pk": 48
},
{
  "fields": {
    "profile_url": "https://plus.google.com/105862087205426248180",
    "email": "noreply@blogger.com",
    "name": "Hernan Grecco"
  },
  "model": "planet.author",
  "pk": 49
},
{
  "fields": {
    "profile_url": "https://plus.google.com/104465544466213823298",
    "email": "noreply@blogger.com",
    "name": "Gustavo Campanelli"
  },
  "model": "planet.author",
  "pk": 50
},
{
  "fields": {
    "profile_url": null,
    "email": "",
    "name": "Hugo Ruscitti"
  },
  "model": "planet.author",
  "pk": 51
},
{
  "fields": {
    "profile_url": null,
    "email": "",
    "name": "gilgamezh"
  },
  "model": "planet.author",
  "pk": 52
},
{
  "fields": {
    "title": "tin_nqn",
    "url": "http://mgaitan.github.io/",
    "date_created": "2014-11-18T21:53:12.104Z",
    "owner": 1
  },
  "model": "planet.blog",
  "pk": 1
},
{
  "fields": {
    "title": "alecu",
    "url": "http://blog.protocultura.net/",
    "date_created": "2014-11-19T15:11:55.968Z",
    "owner": 1
  },
  "model": "planet.blog",
  "pk": 2
},
{
  "fields": {
    "title": "Rivendel",
    "url": "http://www.ceportela.com.ar",
    "date_created": "2014-11-19T15:12:20.597Z",
    "owner": 1
  },
  "model": "planet.blog",
  "pk": 3
},
{
  "fields": {
    "title": "Bit\u00e1cora de Vuelo - Facundo Batista",
    "url": "http://www.taniquetil.com.ar/plog/blog/1",
    "date_created": "2014-11-19T15:12:29.906Z",
    "owner": 1
  },
  "model": "planet.blog",
  "pk": 4
},
{
  "fields": {
    "title": "Gabriel Pati\u00f1o",
    "url": "http://gepatino.blogspot.com/",
    "date_created": "2014-11-19T15:12:43.884Z",
    "owner": 1
  },
  "model": "planet.blog",
  "pk": 5
},
{
  "fields": {
    "title": "Nercof",
    "url": "http://gheize.wordpress.com",
    "date_created": "2014-11-19T15:13:28.172Z",
    "owner": 1
  },
  "model": "planet.blog",
  "pk": 6
},
{
  "fields": {
    "title": "En borrador permanente",
    "url": "http://www.juanjoconti.com.ar",
    "date_created": "2014-11-19T15:14:04.374Z",
    "owner": 1
  },
  "model": "planet.blog",
  "pk": 7
},
{
  "fields": {
    "title": "Humitos",
    "url": "http://elblogdehumitos.com.ar/",
    "date_created": "2014-11-19T15:14:20.896Z",
    "owner": 1
  },
  "model": "planet.blog",
  "pk": 8
},
{
  "fields": {
    "title": "El Blog de Marcelo!",
    "url": "http://blog.marcelofernandez.info",
    "date_created": "2014-11-19T15:14:40.968Z",
    "owner": 1
  },
  "model": "planet.blog",
  "pk": 9
},
{
  "fields": {
    "title": "el blog de cHagHi",
    "url": "http://chaghi.com.ar/blog",
    "date_created": "2014-11-19T15:14:58.591Z",
    "owner": 1
  },
  "model": "planet.blog",
  "pk": 10
},
{
  "fields": {
    "title": ".:: StyXman's glob ::.",
    "url": "http://www.grulic.org.ar/~mdione/glob//",
    "date_created": "2014-11-19T15:15:11.476Z",
    "owner": 1
  },
  "model": "planet.blog",
  "pk": 11
},
{
  "fields": {
    "title": "PyAr en la OLPC",
    "url": "http://pyar-olpc.blogspot.com/",
    "date_created": "2014-11-19T15:15:27.801Z",
    "owner": 1
  },
  "model": "planet.blog",
  "pk": 12
},
{
  "fields": {
    "title": "Lateral Opinion",
    "url": "http://ralsina.me",
    "date_created": "2014-11-19T15:15:42.729Z",
    "owner": 1
  },
  "model": "planet.blog",
  "pk": 13
},
{
  "fields": {
    "title": "@robertoallende",
    "url": "http://es.robertoallende.com/",
    "date_created": "2014-11-19T15:16:53.538Z",
    "owner": 1
  },
  "model": "planet.blog",
  "pk": 14
},
{
  "fields": {
    "title": "Sebastian Bassi (aka Bloguero Connor)",
    "url": "http://www.bioinformatica.info/seba/",
    "date_created": "2014-11-19T15:17:15.496Z",
    "owner": 1
  },
  "model": "planet.blog",
  "pk": 15
},
{
  "fields": {
    "title": "Mariano Guerra's Log",
    "url": "http://marianoguerra.org",
    "date_created": "2014-11-19T15:17:49.960Z",
    "owner": 1
  },
  "model": "planet.blog",
  "pk": 16
},
{
  "fields": {
    "title": "Miya's blog",
    "url": "http://nmiyasato.blogspot.com/",
    "date_created": "2014-11-19T15:18:32.341Z",
    "owner": 1
  },
  "model": "planet.blog",
  "pk": 17
},
{
  "fields": {
    "title": "Me ne frega",
    "url": "http://walter.alini.com.ar/blog",
    "date_created": "2014-11-19T15:19:15.412Z",
    "owner": 1
  },
  "model": "planet.blog",
  "pk": 18
},
{
  "fields": {
    "title": "En Busca De La Utopia...",
    "url": "http://www.diegosarmentero.com/",
    "date_created": "2014-11-19T15:20:07.336Z",
    "owner": 1
  },
  "model": "planet.blog",
  "pk": 19
},
{
  "fields": {
    "title": "Mi blog sobre Salud",
    "url": "http://scialvarez.blogspot.com/",
    "date_created": "2014-11-19T15:21:11.287Z",
    "owner": 1
  },
  "model": "planet.blog",
  "pk": 20
},
{
  "fields": {
    "title": "Mahadeva",
    "url": "http://www.patriciomolina.com",
    "date_created": "2014-11-19T15:21:44.398Z",
    "owner": 1
  },
  "model": "planet.blog",
  "pk": 21
},
{
  "fields": {
    "title": "Saca Programaci\u00f3n",
    "url": "http://sccp2009.wordpress.com/",
    "date_created": "2014-11-19T15:22:00.862Z",
    "owner": 1
  },
  "model": "planet.blog",
  "pk": 22
},
{
  "fields": {
    "title": "El Blog de Joac",
    "url": "http://blog.joac.com.ar/",
    "date_created": "2014-11-19T15:22:28.408Z",
    "owner": 1
  },
  "model": "planet.blog",
  "pk": 23
},
{
  "fields": {
    "title": "Y uno para todos",
    "url": "http://yunoparatodos.blogspot.com/",
    "date_created": "2014-11-19T15:23:59.231Z",
    "owner": 1
  },
  "model": "planet.blog",
  "pk": 24
},
{
  "fields": {
    "title": "La pilita de Gutes",
    "url": "http://lapilitadegutes.blogspot.com/",
    "date_created": "2014-11-19T15:24:38.411Z",
    "owner": 1
  },
  "model": "planet.blog",
  "pk": 25
},
{
  "fields": {
    "title": "Si Evita viviera ser\u00eda linuxera",
    "url": "http://evitalinuxera.blogspot.com/",
    "date_created": "2014-11-19T15:25:02.673Z",
    "owner": 1
  },
  "model": "planet.blog",
  "pk": 26
},
{
  "fields": {
    "title": "Alejandro Santos",
    "url": "http://alejolp.blogspot.com/",
    "date_created": "2014-11-19T15:25:45.344Z",
    "owner": 1
  },
  "model": "planet.blog",
  "pk": 27
},
{
  "fields": {
    "title": "FisaDev",
    "url": "http://fisadev.blogspot.com/",
    "date_created": "2014-11-19T15:26:24.871Z",
    "owner": 1
  },
  "model": "planet.blog",
  "pk": 28
},
{
  "fields": {
    "title": "eordano.com",
    "url": "https://eordano.com",
    "date_created": "2014-11-19T15:27:08.341Z",
    "owner": 1
  },
  "model": "planet.blog",
  "pk": 29
},
{
  "fields": {
    "title": "\"Steal This Software\"",
    "url": "http://stealthissoftware.blogspot.com/",
    "date_created": "2014-11-19T15:27:33.323Z",
    "owner": 1
  },
  "model": "planet.blog",
  "pk": 30
},
{
  "fields": {
    "title": "Python-cj25",
    "url": "http://pycj.wordpress.com",
    "date_created": "2014-11-19T15:28:11.334Z",
    "owner": 1
  },
  "model": "planet.blog",
  "pk": 31
},
{
  "fields": {
    "title": "Linux!!!",
    "url": "http://linux-noa.blogspot.com/",
    "date_created": "2014-11-19T15:28:24.502Z",
    "owner": 1
  },
  "model": "planet.blog",
  "pk": 32
},
{
  "fields": {
    "title": "Jugando a carpediem",
    "url": "http://www.jugandoacarpediem.com.ar/",
    "date_created": "2014-11-19T15:29:08.991Z",
    "owner": 1
  },
  "model": "planet.blog",
  "pk": 33
},
{
  "fields": {
    "title": "/* comment */",
    "url": "http://pcostesi.blogspot.com/",
    "date_created": "2014-11-19T15:29:26.061Z",
    "owner": 1
  },
  "model": "planet.blog",
  "pk": 34
},
{
  "fields": {
    "title": "Marcos Vanetta (malev)",
    "url": "http://malev.com.ar/",
    "date_created": "2014-11-19T15:30:53.881Z",
    "owner": 1
  },
  "model": "planet.blog",
  "pk": 35
},
{
  "fields": {
    "title": "Mariano Reingart",
    "url": "http://reingart.blogspot.com/",
    "date_created": "2014-11-19T15:31:14.583Z",
    "owner": 1
  },
  "model": "planet.blog",
  "pk": 36
},
{
  "fields": {
    "title": "tail -f | sysadmin",
    "url": "http://www.tail-f.com.ar",
    "date_created": "2014-11-19T15:34:14.863Z",
    "owner": 1
  },
  "model": "planet.blog",
  "pk": 37
},
{
  "fields": {
    "title": "frostbyte",
    "url": "http://maxirobaina.tumblr.com/",
    "date_created": "2014-11-19T15:35:04.393Z",
    "owner": 1
  },
  "model": "planet.blog",
  "pk": 38
},
{
  "fields": {
    "title": "Jack & Hack",
    "url": "http://jbcabral.com",
    "date_created": "2014-11-19T15:35:14.566Z",
    "owner": 1
  },
  "model": "planet.blog",
  "pk": 39
},
{
  "fields": {
    "title": "Cerebro.toBlog()",
    "url": "http://ralgozino.wordpress.com",
    "date_created": "2014-11-19T15:36:05.500Z",
    "owner": 1
  },
  "model": "planet.blog",
  "pk": 40
},
{
  "fields": {
    "title": "PyConAr 2012 Blog - Novedades y Backstage",
    "url": "http://pyconar.blogspot.com/",
    "date_created": "2014-11-19T15:36:23.540Z",
    "owner": 1
  },
  "model": "planet.blog",
  "pk": 41
},
{
  "fields": {
    "title": "Cave 5",
    "url": "http://focojoaco.blogspot.com/",
    "date_created": "2014-11-19T15:37:01.023Z",
    "owner": 1
  },
  "model": "planet.blog",
  "pk": 42
},
{
  "fields": {
    "title": "Deploshark - Tech Blog",
    "url": "http://blog.deploshark.com.ar/",
    "date_created": "2014-11-19T15:37:49.055Z",
    "owner": 1
  },
  "model": "planet.blog",
  "pk": 43
},
{
  "fields": {
    "title": "Damian's blog",
    "url": "http://www.damian.oquanta.info/",
    "date_created": "2014-11-19T15:38:32.520Z",
    "owner": 1
  },
  "model": "planet.blog",
  "pk": 44
},
{
  "fields": {
    "title": "Python in the Lab",
    "url": "http://python-in-the-lab.blogspot.com/search/label/Python",
    "date_created": "2014-11-19T15:39:00.520Z",
    "owner": 1
  },
  "model": "planet.blog",
  "pk": 45
},
{
  "fields": {
    "title": "Demasiado Personal",
    "url": "http://gedece.blogspot.com/",
    "date_created": "2014-11-19T15:39:26.926Z",
    "owner": 1
  },
  "model": "planet.blog",
  "pk": 46
},
{
  "fields": {
    "title": "examplelab",
    "url": "http://www.examplelab.com.ar/",
    "date_created": "2014-11-19T15:40:37.918Z",
    "owner": 1
  },
  "model": "planet.blog",
  "pk": 47
},
{
  "fields": {
    "title": "Felipe Lerena",
    "url": "http://www.felipelerena.com.ar",
    "date_created": "2014-11-19T15:40:57.838Z",
    "owner": 1
  },
  "model": "planet.blog",
  "pk": 48
},
{
  "fields": {
    "title": "No Todo Es Mec\u00e1nico",
    "url": "http://gilgamezh.me/dp",
    "date_created": "2014-11-19T15:41:29.582Z",
    "owner": 1
  },
  "model": "planet.blog",
  "pk": 49
},
{
  "fields": {
    "version": null,
    "link": null,
    "name": "http://getnikola.com/"
  },
  "model": "planet.generator",
  "pk": 1
},
{
  "fields": {
    "version": null,
    "link": null,
    "name": "Tumblr (3.0; @protocultura)"
  },
  "model": "planet.generator",
  "pk": 2
},
{
  "fields": {
    "version": null,
    "link": null,
    "name": "http://wordpress.org/?v=3.9.1"
  },
  "model": "planet.generator",
  "pk": 3
},
{
  "fields": {
    "version": null,
    "link": null,
    "name": "http://lifetype.net"
  },
  "model": "planet.generator",
  "pk": 4
},
{
  "fields": {
    "version": "7.00",
    "link": null,
    "name": "Blogger"
  },
  "model": "planet.generator",
  "pk": 5
},
{
  "fields": {
    "version": null,
    "link": null,
    "name": "http://wordpress.com/"
  },
  "model": "planet.generator",
  "pk": 6
},
{
  "fields": {
    "version": null,
    "link": null,
    "name": "http://wordpress.org/?v=4.0"
  },
  "model": "planet.generator",
  "pk": 7
},
{
  "fields": {
    "version": null,
    "link": null,
    "name": "ikiwiki"
  },
  "model": "planet.generator",
  "pk": 8
},
{
  "fields": {
    "version": null,
    "link": null,
    "name": "Tumblr (3.0; @robertoallende)"
  },
  "model": "planet.generator",
  "pk": 9
},
{
  "fields": {
    "version": null,
    "link": null,
    "name": "http://wordpress.org/?v=3.9.2"
  },
  "model": "planet.generator",
  "pk": 10
},
{
  "fields": {
    "version": null,
    "link": null,
    "name": "http://wordpress.org/?v=3.7.4"
  },
  "model": "planet.generator",
  "pk": 11
},
{
  "fields": {
    "version": null,
    "link": null,
    "name": "Blogger"
  },
  "model": "planet.generator",
  "pk": 12
},
{
  "fields": {
    "version": null,
    "link": null,
    "name": "http://wordpress.org/?v=3.1.4"
  },
  "model": "planet.generator",
  "pk": 13
},
{
  "fields": {
    "version": null,
    "link": null,
    "name": "Tumblr (3.0; @maxirobaina)"
  },
  "model": "planet.generator",
  "pk": 14
},
{
  "fields": {
    "version": null,
    "link": null,
    "name": "Ghost 0.5"
  },
  "model": "planet.generator",
  "pk": 15
},
{
  "fields": {
    "version": null,
    "link": null,
    "name": "nikola 1.0"
  },
  "model": "planet.generator",
  "pk": 16
},
{
  "fields": {
    "blog": 1,
    "last_checked": "2014-11-18T21:53:12.431Z",
    "last_modified": "2014-11-18T21:53:20.805Z",
    "info": null,
    "icon_url": null,
    "rights": null,
    "image_url": null,
    "etag": "",
    "generator": 1,
    "category": null,
    "language": "es",
    "guid": "9a3e29482cbaf07af7f0458a1007551b",
    "is_active": true,
    "title": "tin_nqn",
    "url": "http://mgaitan.github.io/rss.xml",
    "site": 1,
    "subtitle": ">>> me.geek.post()"
  },
  "model": "planet.feed",
  "pk": 1
},
{
  "fields": {
    "blog": 2,
    "last_checked": "2014-11-19T15:11:56.326Z",
    "last_modified": "2014-11-19T15:11:59.632Z",
    "info": null,
    "icon_url": null,
    "rights": null,
    "image_url": null,
    "etag": "",
    "generator": 2,
    "category": null,
    "language": null,
    "guid": "5147232bbe0d5843185e091c6995be96",
    "is_active": true,
    "title": "alecu",
    "url": "http://blog.protocultura.net/rss",
    "site": 1,
    "subtitle": "Alejandro J. Cura: I work for Canonical on Ubuntu One, and I love Python, educational projects and unusual board games."
  },
  "model": "planet.feed",
  "pk": 2
},
{
  "fields": {
    "blog": 3,
    "last_checked": "2014-11-19T15:12:20.868Z",
    "last_modified": "2014-11-19T15:12:25.607Z",
    "info": null,
    "icon_url": null,
    "rights": null,
    "image_url": null,
    "etag": "\"255521a591c75881dd69103b6376f724\"",
    "generator": 3,
    "category": null,
    "language": "en-US",
    "guid": "3c625852c800a3e85e80d03858b3baed",
    "is_active": true,
    "title": "Rivendel",
    "url": "http://www.ceportela.com.ar/?feed=rss2",
    "site": 1,
    "subtitle": "Un lugar junto al fog\u00f3n"
  },
  "model": "planet.feed",
  "pk": 3
},
{
  "fields": {
    "blog": 4,
    "last_checked": "2014-11-19T15:12:30.197Z",
    "last_modified": "2014-11-19T15:12:34.592Z",
    "info": null,
    "icon_url": null,
    "rights": null,
    "image_url": null,
    "etag": "",
    "generator": 4,
    "category": null,
    "language": null,
    "guid": "0a3fab7c65f952d1fea2e9176542f532",
    "is_active": true,
    "title": "Bit\u00e1cora de Vuelo - Facundo Batista",
    "url": "http://www.taniquetil.com.ar/plog/rss/rss20/1",
    "site": 1,
    "subtitle": "Blog de Facundo Batista"
  },
  "model": "planet.feed",
  "pk": 4
},
{
  "fields": {
    "blog": 5,
    "last_checked": "2014-11-19T15:12:44.160Z",
    "last_modified": "2014-11-19T15:13:17.232Z",
    "info": null,
    "icon_url": null,
    "rights": null,
    "image_url": null,
    "etag": "lggx1gYDN9Kt4rAUuHs+A1QZJl0",
    "generator": 5,
    "category": null,
    "language": null,
    "guid": "84f47f079ac8727dfea7e5a8f01b0dc8",
    "is_active": true,
    "title": "Gabriel Pati\u00f1o",
    "url": "http://gepatino.blogspot.com/feeds/posts/default",
    "site": 1,
    "subtitle": "Cosas varias sobre programaci\u00f3n, monta\u00f1ismo, carpinter\u00eda o lo que se me ocurra."
  },
  "model": "planet.feed",
  "pk": 5
},
{
  "fields": {
    "blog": 6,
    "last_checked": "2014-11-19T15:13:28.469Z",
    "last_modified": "2014-11-19T15:13:35.601Z",
    "info": null,
    "icon_url": null,
    "rights": null,
    "image_url": "http://s2.wp.com/i/buttonw-com.png",
    "etag": "",
    "generator": 6,
    "category": null,
    "language": "es",
    "guid": "e005fab19ec5cf13a65cc815496954dd",
    "is_active": true,
    "title": "Nercof",
    "url": "http://gheize.wordpress.com/feed/",
    "site": 1,
    "subtitle": "el blog de Heizenreder Guillermo.Dijole el perro al hueso: \"si t\u00fa eres duro, yo tengo tiempo...\""
  },
  "model": "planet.feed",
  "pk": 6
},
{
  "fields": {
    "blog": 7,
    "last_checked": "2014-11-19T15:14:04.732Z",
    "last_modified": "2014-11-19T15:14:12.214Z",
    "info": null,
    "icon_url": null,
    "rights": null,
    "image_url": null,
    "etag": "\"0ed8fd646b8849d9bff4cc201de5c1c8\"",
    "generator": 7,
    "category": null,
    "language": "es-ES",
    "guid": "3938e8151c40e6b717a0a6c1d5cd6836",
    "is_active": true,
    "title": "En borrador permanente",
    "url": "http://www.juanjoconti.com.ar/feed/",
    "site": 1,
    "subtitle": "el blog de Juanjo Conti - abstracto, l\u00fadico y digital"
  },
  "model": "planet.feed",
  "pk": 7
},
{
  "fields": {
    "blog": 8,
    "last_checked": "2014-11-19T15:14:21.081Z",
    "last_modified": "2014-11-19T15:14:27.395Z",
    "info": null,
    "icon_url": null,
    "rights": null,
    "image_url": null,
    "etag": "n7c7iaA8zYtKBPthbRrSRs0YcE0",
    "generator": 1,
    "category": null,
    "language": "es",
    "guid": "8f6a05eca746f50b27f41333a4afba4e",
    "is_active": true,
    "title": "Humitos",
    "url": "http://feeds.feedburner.com/Humitos",
    "site": 1,
    "subtitle": "el blog de Manuel Kaufmann -- comunicando mi vida a la sociedad"
  },
  "model": "planet.feed",
  "pk": 8
},
{
  "fields": {
    "blog": 9,
    "last_checked": "2014-11-19T15:14:41.115Z",
    "last_modified": "2014-11-19T15:14:47.697Z",
    "info": null,
    "icon_url": null,
    "rights": "http://creativecommons.org/licenses/by-sa/3.0/",
    "image_url": "http://creativecommons.org/images/public/somerights20.gif",
    "etag": "obDMkw+QojDAysT2sU8qrPKwrIY",
    "generator": null,
    "category": null,
    "language": "es-ES",
    "guid": "d4f7598585f81ab0b87c752081149a36",
    "is_active": true,
    "title": "El Blog de Marcelo!",
    "url": "http://feeds2.feedburner.com/ElBlogDeMarcelo",
    "site": 1,
    "subtitle": "Blog Inform\u00e1tico sobre Programaci\u00f3n, Software Libre y/o Open Source, Linux, Python y alguna que otra cosa m\u00e1s..."
  },
  "model": "planet.feed",
  "pk": 9
},
{
  "fields": {
    "blog": 10,
    "last_checked": "2014-11-19T15:14:58.825Z",
    "last_modified": "2014-11-19T15:15:02.693Z",
    "info": null,
    "icon_url": null,
    "rights": null,
    "image_url": null,
    "etag": "EEU3gDM0K65xPKTVoET/3fGZNoU",
    "generator": 7,
    "category": null,
    "language": "es-ES",
    "guid": "32e29c3df2c3213c28eb5c51095be3e6",
    "is_active": true,
    "title": "el blog de cHagHi",
    "url": "http://feeds2.feedburner.com/ElBlogDeChaghi",
    "site": 1,
    "subtitle": "(el rejunte on-line de todo aquello que deseo compartir)"
  },
  "model": "planet.feed",
  "pk": 10
},
{
  "fields": {
    "blog": 11,
    "last_checked": "2014-11-19T15:15:11.818Z",
    "last_modified": "2014-11-19T15:15:19.955Z",
    "info": null,
    "icon_url": null,
    "rights": null,
    "image_url": null,
    "etag": "\"461ae3-258d5-5054cf931d800\"",
    "generator": 8,
    "category": null,
    "language": null,
    "guid": "df3e8d61ed4cd1431024d4595c4444f7",
    "is_active": true,
    "title": ".:: StyXman's glob ::.",
    "url": "http://www.grulic.org.ar/~mdione/glob/index.atom",
    "site": 1,
    "subtitle": "StyXman's glob"
  },
  "model": "planet.feed",
  "pk": 11
},
{
  "fields": {
    "blog": 12,
    "last_checked": "2014-11-19T15:15:27.978Z",
    "last_modified": "2014-11-19T15:15:38.850Z",
    "info": null,
    "icon_url": null,
    "rights": null,
    "image_url": null,
    "etag": "W/\"59e6451d-95fd-49f4-a2be-eaf653445ace\"",
    "generator": 5,
    "category": null,
    "language": null,
    "guid": "360e41bab83f0363c969edc3b01f033f",
    "is_active": true,
    "title": "PyAr en la OLPC",
    "url": "http://pyar-olpc.blogspot.com/feeds/posts/default",
    "site": 1,
    "subtitle": ""
  },
  "model": "planet.feed",
  "pk": 12
},
{
  "fields": {
    "blog": 13,
    "last_checked": "2014-11-19T15:15:42.954Z",
    "last_modified": "2014-11-19T15:15:49.493Z",
    "info": null,
    "icon_url": null,
    "rights": null,
    "image_url": null,
    "etag": "",
    "generator": 1,
    "category": null,
    "language": "es",
    "guid": "b5b2da40d4635a2127342584aafe9763",
    "is_active": true,
    "title": "Lateral Opinion",
    "url": "http://ralsina.me/tr/es/weblog/rss.xml",
    "site": 1,
    "subtitle": "I write free software. I have an opinion on almost everything. I write quickly. A weblog was inevitable."
  },
  "model": "planet.feed",
  "pk": 13
},
{
  "fields": {
    "blog": 14,
    "last_checked": "2014-11-19T15:16:53.880Z",
    "last_modified": "2014-11-19T15:17:02.879Z",
    "info": null,
    "icon_url": null,
    "rights": null,
    "image_url": null,
    "etag": "",
    "generator": 9,
    "category": null,
    "language": null,
    "guid": "9a78362df87540fd3cee2fa095faf774",
    "is_active": true,
    "title": "@robertoallende",
    "url": "http://es.robertoallende.com/rss",
    "site": 1,
    "subtitle": "Un blog sobre emprendedorismo, desarrollo de software e Internet."
  },
  "model": "planet.feed",
  "pk": 14
},
{
  "fields": {
    "blog": 15,
    "last_checked": "2014-11-19T15:17:15.642Z",
    "last_modified": "2014-11-19T15:17:49.614Z",
    "info": null,
    "icon_url": null,
    "rights": null,
    "image_url": null,
    "etag": "",
    "generator": 5,
    "category": null,
    "language": null,
    "guid": "b0eddefe60e315ba55797a781d4670ce",
    "is_active": true,
    "title": "Sebastian Bassi (aka Bloguero Connor)",
    "url": "http://www.bioinformatica.info/seba/atom.xml",
    "site": 1,
    "subtitle": "Soy el bloguero Connor."
  },
  "model": "planet.feed",
  "pk": 15
},
{
  "fields": {
    "blog": 16,
    "last_checked": "2014-11-19T15:17:50.137Z",
    "last_modified": "2014-11-19T15:17:57.101Z",
    "info": null,
    "icon_url": null,
    "rights": null,
    "image_url": null,
    "etag": "\"197c2-501c55cd1ed40\"",
    "generator": 1,
    "category": null,
    "language": "en",
    "guid": "84d423b460ea6a3f5f664ef88ee8b399",
    "is_active": true,
    "title": "Mariano Guerra's Log",
    "url": "http://marianoguerra.org/rss.xml",
    "site": 1,
    "subtitle": "Mariano Guerra's Log"
  },
  "model": "planet.feed",
  "pk": 16
},
{
  "fields": {
    "blog": 17,
    "last_checked": "2014-11-19T15:18:32.512Z",
    "last_modified": "2014-10-05T06:37:03Z",
    "info": null,
    "icon_url": null,
    "rights": null,
    "image_url": null,
    "etag": "W/\"6c671b62-0a42-4190-851a-7e9fa7017ddd\"",
    "generator": 5,
    "category": null,
    "language": null,
    "guid": "886b824f4ca5c7fea4164f929441cc23",
    "is_active": true,
    "title": "Miya's blog",
    "url": "http://nmiyasato.blogspot.com/feeds/posts/default",
    "site": 1,
    "subtitle": ""
  },
  "model": "planet.feed",
  "pk": 17
},
{
  "fields": {
    "blog": 18,
    "last_checked": "2014-11-19T15:19:15.790Z",
    "last_modified": "2014-11-19T15:19:22.865Z",
    "info": null,
    "icon_url": null,
    "rights": null,
    "image_url": null,
    "etag": "\"24beca003dca2b758ec60f96175427ec\"",
    "generator": 10,
    "category": null,
    "language": "es-AR",
    "guid": "aaf08c4fe97cccc4a2bfb42d9a8f96de",
    "is_active": true,
    "title": "Me ne frega",
    "url": "http://walter.alini.com.ar/blog/feed",
    "site": 1,
    "subtitle": "Bien parado, o en la lona..."
  },
  "model": "planet.feed",
  "pk": 18
},
{
  "fields": {
    "blog": 19,
    "last_checked": "2014-11-19T15:20:07.524Z",
    "last_modified": "2014-11-19T15:20:42.095Z",
    "info": null,
    "icon_url": null,
    "rights": null,
    "image_url": null,
    "etag": "W/\"32b605ae-67df-419e-841b-6d684eb8044e\"",
    "generator": 5,
    "category": null,
    "language": null,
    "guid": "bee075f4ac944eecde93aa8e766e64e8",
    "is_active": true,
    "title": "En Busca De La Utopia...",
    "url": "http://www.diegosarmentero.com/feeds/posts/default",
    "site": 1,
    "subtitle": "En Busca De La Utopia..."
  },
  "model": "planet.feed",
  "pk": 19
},
{
  "fields": {
    "blog": 20,
    "last_checked": "2014-11-19T15:21:11.569Z",
    "last_modified": "2014-11-19T15:21:15.559Z",
    "info": null,
    "icon_url": null,
    "rights": null,
    "image_url": null,
    "etag": "W/\"b46ef929-95d6-4eca-8fce-ebcfbc1a7879\"",
    "generator": 5,
    "category": null,
    "language": null,
    "guid": "b88e35539ef82bef4d51f3237bc8e6fe",
    "is_active": true,
    "title": "Mi blog sobre Salud",
    "url": "http://scialvarez.blogspot.com/feeds/posts/default",
    "site": 1,
    "subtitle": ""
  },
  "model": "planet.feed",
  "pk": 20
},
{
  "fields": {
    "blog": 21,
    "last_checked": "2014-11-19T15:21:44.749Z",
    "last_modified": "2014-11-19T15:21:52.807Z",
    "info": null,
    "icon_url": null,
    "rights": "http://creativecommons.org/licenses/by-sa/2.5/ar/",
    "image_url": null,
    "etag": "\"e3553f8e63e196710ee50f2dcb37e6ff\"",
    "generator": 11,
    "category": null,
    "language": "es-ES",
    "guid": "d789c8cb9f09faa261f7d1b6c8dd6b24",
    "is_active": true,
    "title": "Mahadeva",
    "url": "http://www.patriciomolina.com/feed/",
    "site": 1,
    "subtitle": "Blog de Patricio Molina"
  },
  "model": "planet.feed",
  "pk": 21
},
{
  "fields": {
    "blog": 22,
    "last_checked": "2014-11-19T15:22:01.026Z",
    "last_modified": "2014-11-19T15:22:09.141Z",
    "info": null,
    "icon_url": null,
    "rights": null,
    "image_url": "http://1.gravatar.com/blavatar/b3c5dad9f412e12d029212dc2e3fb3b0?s=96&d=http%3A%2F%2Fs2.wp.com%2Fi%2Fbuttonw-com.png",
    "etag": "",
    "generator": 6,
    "category": null,
    "language": "es",
    "guid": "3fd7acb56207ff174c99b1ecf3cb6f17",
    "is_active": true,
    "title": "",
    "url": "http://sccp2009.wordpress.com/feed/",
    "site": 1,
    "subtitle": ""
  },
  "model": "planet.feed",
  "pk": 22
},
{
  "fields": {
    "blog": 23,
    "last_checked": "2014-11-19T15:22:28.756Z",
    "last_modified": "2014-11-19T15:22:44.003Z",
    "info": null,
    "icon_url": null,
    "rights": null,
    "image_url": null,
    "etag": "6uWYlV3gelIQCDc1cUSuipAHwBg",
    "generator": 12,
    "category": null,
    "language": null,
    "guid": "4848309b39f7dad1a3869545eb9acf6f",
    "is_active": true,
    "title": "El Blog de Joac",
    "url": "http://feeds.feedburner.com/joaclandia",
    "site": 1,
    "subtitle": "Ideas largas que no entran en twitter"
  },
  "model": "planet.feed",
  "pk": 23
},
{
  "fields": {
    "blog": 1,
    "last_checked": "2014-11-19T15:23:47.421Z",
    "last_modified": "2014-10-23T00:23:10Z",
    "info": null,
    "icon_url": null,
    "rights": null,
    "image_url": null,
    "etag": "",
    "generator": 1,
    "category": null,
    "language": "es",
    "guid": "9a3e29482cbaf07af7f0458a1007551b",
    "is_active": true,
    "title": "tin_nqn",
    "url": "http://mgaitan.github.com/rss.xml",
    "site": 1,
    "subtitle": ">>> me.geek.post()"
  },
  "model": "planet.feed",
  "pk": 24
},
{
  "fields": {
    "blog": 24,
    "last_checked": "2014-11-19T15:23:59.469Z",
    "last_modified": "2014-11-19T15:24:31.820Z",
    "info": null,
    "icon_url": null,
    "rights": null,
    "image_url": null,
    "etag": "W/\"8790a465-e352-4efa-8720-eca53cd1ffce\"",
    "generator": 5,
    "category": null,
    "language": null,
    "guid": "0eb952269f9de1dfd7ab8844de13e764",
    "is_active": true,
    "title": "Y uno para todos",
    "url": "http://yunoparatodos.blogspot.com/feeds/posts/default",
    "site": 1,
    "subtitle": ""
  },
  "model": "planet.feed",
  "pk": 25
},
{
  "fields": {
    "blog": 25,
    "last_checked": "2014-11-19T15:24:38.597Z",
    "last_modified": "2014-11-19T15:24:57.468Z",
    "info": null,
    "icon_url": null,
    "rights": null,
    "image_url": null,
    "etag": "W/\"e41108f2-7c1e-46b0-af61-bda7ed24e635\"",
    "generator": 5,
    "category": null,
    "language": null,
    "guid": "ac4fc6680578318bc94b1ea24af2c027",
    "is_active": true,
    "title": "La pilita de Gutes",
    "url": "http://lapilitadegutes.blogspot.com/feeds/posts/default",
    "site": 1,
    "subtitle": "Sobre pilitas se sostiene el hombre... Guarda que no sean de papel!"
  },
  "model": "planet.feed",
  "pk": 26
},
{
  "fields": {
    "blog": 26,
    "last_checked": "2014-11-19T15:25:02.894Z",
    "last_modified": "2014-11-19T15:25:39.025Z",
    "info": null,
    "icon_url": null,
    "rights": null,
    "image_url": null,
    "etag": "W/\"e932786e-44e0-45cb-98b7-f7bfaaf5c8d4\"",
    "generator": 5,
    "category": null,
    "language": null,
    "guid": "56b10e0ce2a68d1aee114c9e83ba02c8",
    "is_active": true,
    "title": "Si Evita viviera ser\u00eda linuxera",
    "url": "http://evitalinuxera.blogspot.com/feeds/posts/default",
    "site": 1,
    "subtitle": ""
  },
  "model": "planet.feed",
  "pk": 27
},
{
  "fields": {
    "blog": 27,
    "last_checked": "2014-11-19T15:25:45.529Z",
    "last_modified": "2014-11-19T15:26:18.783Z",
    "info": "",
    "icon_url": null,
    "rights": null,
    "image_url": null,
    "etag": "CQBrwp8I8M/6fO93uvylEUw5+mY",
    "generator": 5,
    "category": null,
    "language": null,
    "guid": "777f7df948146a3f39b2e6613496f887",
    "is_active": true,
    "title": "Alejandro Santos",
    "url": "http://feeds.feedburner.com/BlogDeAlejolp",
    "site": 1,
    "subtitle": "(\\x.x)"
  },
  "model": "planet.feed",
  "pk": 28
},
{
  "fields": {
    "blog": 28,
    "last_checked": "2014-11-19T15:26:25.020Z",
    "last_modified": "2014-11-19T15:26:59.886Z",
    "info": null,
    "icon_url": null,
    "rights": null,
    "image_url": null,
    "etag": "W/\"419cb149-cfe3-428b-8aac-c5baedddb63d\"",
    "generator": 5,
    "category": null,
    "language": null,
    "guid": "0112776db50131fff4ad6cacf326404d",
    "is_active": true,
    "title": "FisaDev",
    "url": "http://fisadev.blogspot.com/feeds/posts/default",
    "site": 1,
    "subtitle": "pensamientos para indexar"
  },
  "model": "planet.feed",
  "pk": 29
},
{
  "fields": {
    "blog": 29,
    "last_checked": "2014-11-19T15:27:08.681Z",
    "last_modified": "2014-11-19T15:27:15.318Z",
    "info": null,
    "icon_url": null,
    "rights": null,
    "image_url": null,
    "etag": "\"30b5aec483a6119ac73de91e15259895\"",
    "generator": 13,
    "category": null,
    "language": "en",
    "guid": "e74d1acb64468b932d1d5dd9eb5d840a",
    "is_active": true,
    "title": "eordano.com",
    "url": "http://estebanordano.com.ar/feed/",
    "site": 1,
    "subtitle": "just some random thoughts"
  },
  "model": "planet.feed",
  "pk": 30
},
{
  "fields": {
    "blog": 30,
    "last_checked": "2014-11-19T15:27:33.502Z",
    "last_modified": "2014-11-19T15:28:05.959Z",
    "info": null,
    "icon_url": null,
    "rights": null,
    "image_url": null,
    "etag": "W/\"ec85fc5e-9a0b-4990-85a2-c850034dae02\"",
    "generator": 5,
    "category": null,
    "language": null,
    "guid": "216adafef6a393d41c84ccedbc6fb3ef",
    "is_active": true,
    "title": "\"Steal This Software\"",
    "url": "http://stealthissoftware.blogspot.com/feeds/posts/default",
    "site": 1,
    "subtitle": "descripcion = [\"Programaci\u00f3n\",\"Tests\",\"G33k Hum0r\"]"
  },
  "model": "planet.feed",
  "pk": 31
},
{
  "fields": {
    "blog": 31,
    "last_checked": "2014-11-19T15:28:11.497Z",
    "last_modified": "2014-11-19T15:28:18.132Z",
    "info": null,
    "icon_url": null,
    "rights": null,
    "image_url": "http://1.gravatar.com/blavatar/b4c8eb37c379b2ecf85341d90b153d69?s=96&d=http%3A%2F%2Fs2.wp.com%2Fi%2Fbuttonw-com.png",
    "etag": "",
    "generator": 6,
    "category": null,
    "language": "es",
    "guid": "b14e373a49f586ba795b4785b5a88a90",
    "is_active": true,
    "title": "Python-cj25",
    "url": "http://pycj.wordpress.com/feed/",
    "site": 1,
    "subtitle": "todo lo que voy aprendiendo en Python"
  },
  "model": "planet.feed",
  "pk": 32
},
{
  "fields": {
    "blog": 32,
    "last_checked": "2014-11-19T15:28:24.684Z",
    "last_modified": "2014-11-19T15:29:00.582Z",
    "info": null,
    "icon_url": null,
    "rights": null,
    "image_url": null,
    "etag": "UWOVnVJyyjfQx6nW7ArDMlB2wN4",
    "generator": 5,
    "category": null,
    "language": null,
    "guid": "9b7edfb6643f511fc0da37c3b299334d",
    "is_active": true,
    "title": "Linux!!!",
    "url": "http://feeds2.feedburner.com/linux-noa2",
    "site": 1,
    "subtitle": ""
  },
  "model": "planet.feed",
  "pk": 33
},
{
  "fields": {
    "blog": 33,
    "last_checked": "2014-11-19T15:29:09.154Z",
    "last_modified": "2014-11-19T15:29:13.578Z",
    "info": null,
    "icon_url": null,
    "rights": null,
    "image_url": null,
    "etag": "\"f106-267b-5080e4faf34c0\"",
    "generator": 1,
    "category": null,
    "language": "es",
    "guid": "75d9f88f5590f9f1343031c893348847",
    "is_active": true,
    "title": "Jugando a carpediem",
    "url": "http://www.jugandoacarpediem.com.ar/rss.xml",
    "site": 1,
    "subtitle": "Otro blog de un programador (Pythonero) de software libre"
  },
  "model": "planet.feed",
  "pk": 34
},
{
  "fields": {
    "blog": 34,
    "last_checked": "2014-11-19T15:29:26.284Z",
    "last_modified": "2014-11-19T15:29:59.176Z",
    "info": null,
    "icon_url": null,
    "rights": null,
    "image_url": null,
    "etag": "W/\"29f96ee8-15e9-4365-85ae-645c9252742e\"",
    "generator": 5,
    "category": null,
    "language": null,
    "guid": "3ce3193da02eb7eba9b7eeeba3b5d2a9",
    "is_active": true,
    "title": "/* comment */",
    "url": "http://pcostesi.blogspot.com/feeds/posts/default",
    "site": 1,
    "subtitle": ""
  },
  "model": "planet.feed",
  "pk": 35
},
{
  "fields": {
    "blog": 35,
    "last_checked": "2014-11-19T15:30:54.060Z",
    "last_modified": "2014-11-19T15:31:02.457Z",
    "info": null,
    "icon_url": null,
    "rights": null,
    "image_url": null,
    "etag": "f+3g+qeUcN81pi7sUPbg5O5m6vM",
    "generator": null,
    "category": null,
    "language": null,
    "guid": "ad36931390df269e4c1f9ec269601f7b",
    "is_active": true,
    "title": "Marcos Vanetta (malev)",
    "url": "http://feeds.feedburner.com/malev",
    "site": 1,
    "subtitle": null
  },
  "model": "planet.feed",
  "pk": 36
},
{
  "fields": {
    "blog": 36,
    "last_checked": "2014-11-19T15:31:14.801Z",
    "last_modified": "2014-11-19T15:31:49.097Z",
    "info": null,
    "icon_url": null,
    "rights": null,
    "image_url": null,
    "etag": "W/\"b68d8ddf-f9a1-4aa5-86dc-123ef694aada\"",
    "generator": 5,
    "category": null,
    "language": null,
    "guid": "8c65308c1e52a01a486377ecb40c5571",
    "is_active": true,
    "title": "Mariano Reingart",
    "url": "http://reingart.blogspot.com/feeds/posts/default",
    "site": 1,
    "subtitle": "Temas, intereses y opiniones personales (lo que d\u00e9...)"
  },
  "model": "planet.feed",
  "pk": 37
},
{
  "fields": {
    "blog": 37,
    "last_checked": "2014-11-19T15:34:15.180Z",
    "last_modified": "2014-11-19T15:34:22.391Z",
    "info": null,
    "icon_url": null,
    "rights": null,
    "image_url": null,
    "etag": "8ltm07zf69E3SRUMwga/UQzGptc",
    "generator": 7,
    "category": null,
    "language": "en-US",
    "guid": "0cef6c73b3c45393d93a75fdf68434cc",
    "is_active": true,
    "title": "tail -f | sysadmin",
    "url": "http://www.tail-f.com.ar/feed",
    "site": 1,
    "subtitle": "Noticias y recursos para sysadmins Unix"
  },
  "model": "planet.feed",
  "pk": 38
},
{
  "fields": {
    "blog": 38,
    "last_checked": "2014-11-19T15:35:04.765Z",
    "last_modified": "2014-11-19T15:35:09.422Z",
    "info": null,
    "icon_url": null,
    "rights": null,
    "image_url": null,
    "etag": "y8gW0mmFnoUTdcokS03IABp5HeQ",
    "generator": 14,
    "category": null,
    "language": null,
    "guid": "2cf1a00a45039a1cec82944d6bb13558",
    "is_active": true,
    "title": "frostbyte",
    "url": "http://feeds.feedburner.com/maxirobaina",
    "site": 1,
    "subtitle": "Maximiliano Robaina\u2019s blog"
  },
  "model": "planet.feed",
  "pk": 39
},
{
  "fields": {
    "blog": 39,
    "last_checked": "2014-11-19T15:35:14.793Z",
    "last_modified": "2014-11-19T15:35:23.829Z",
    "info": null,
    "icon_url": null,
    "rights": null,
    "image_url": "http://0.gravatar.com/blavatar/004a1bfc0f48a3a8eae89b60434b6fd6?s=96&d=http%3A%2F%2Fs2.wp.com%2Fi%2Fbuttonw-com.png",
    "etag": "",
    "generator": 6,
    "category": null,
    "language": "es",
    "guid": "c932e82faf6a7d1e90fb10f30e56aa02",
    "is_active": true,
    "title": "Jack & Hack",
    "url": "http://jbcabral.com/feed/",
    "site": 1,
    "subtitle": "Hacking, food and wiskey"
  },
  "model": "planet.feed",
  "pk": 40
},
{
  "fields": {
    "blog": 40,
    "last_checked": "2014-11-19T15:36:05.675Z",
    "last_modified": "2014-11-19T15:36:16.363Z",
    "info": null,
    "icon_url": null,
    "rights": null,
    "image_url": "http://0.gravatar.com/blavatar/2e2c5a8c4f1a5d9a3d82affb29860863?s=96&d=http%3A%2F%2Fs2.wp.com%2Fi%2Fbuttonw-com.png",
    "etag": "",
    "generator": 6,
    "category": null,
    "language": "es",
    "guid": "8a187968dfe29010e9f694bcd10c2219",
    "is_active": true,
    "title": "Cerebro.toBlog()",
    "url": "http://ralgozino.wordpress.com/feed/",
    "site": 1,
    "subtitle": "mis experiencias y pensamientos exportados a la web"
  },
  "model": "planet.feed",
  "pk": 41
},
{
  "fields": {
    "blog": 41,
    "last_checked": "2014-11-19T15:36:23.755Z",
    "last_modified": "2014-11-19T15:36:39.657Z",
    "info": null,
    "icon_url": null,
    "rights": null,
    "image_url": null,
    "etag": "W/\"4920a7f7-700f-4162-af2a-b9932b23b940\"",
    "generator": 12,
    "category": null,
    "language": null,
    "guid": "e959c2f3f3b8e4fec5b4e0d93597bd29",
    "is_active": true,
    "title": "PyConAr 2012 Blog - Novedades y Backstage",
    "url": "http://pyconar.blogspot.com/feeds/posts/default?alt=rss",
    "site": 1,
    "subtitle": ""
  },
  "model": "planet.feed",
  "pk": 42
},
{
  "fields": {
    "blog": 42,
    "last_checked": "2014-11-19T15:37:01.245Z",
    "last_modified": "2014-11-19T15:37:37.494Z",
    "info": null,
    "icon_url": null,
    "rights": null,
    "image_url": null,
    "etag": "W/\"4cc7eee3-98f1-4e7b-8d6c-66f90e389317\"",
    "generator": 5,
    "category": null,
    "language": null,
    "guid": "b95bdd7ea9aad362463bb63969cae9ad",
    "is_active": true,
    "title": "Cave 5",
    "url": "http://focojoaco.blogspot.com/feeds/posts/default",
    "site": 1,
    "subtitle": "A little book of solutions..."
  },
  "model": "planet.feed",
  "pk": 43
},
{
  "fields": {
    "blog": 43,
    "last_checked": "2014-11-19T15:37:49.219Z",
    "last_modified": "2014-11-19T15:38:25.488Z",
    "info": null,
    "icon_url": null,
    "rights": null,
    "image_url": null,
    "etag": "W/\"257f8cc7-ef09-46a2-875f-e09a256ad0d8\"",
    "generator": 5,
    "category": null,
    "language": null,
    "guid": "0702f2f19aada438657979b84b4be12c",
    "is_active": true,
    "title": "Deploshark - Tech Blog",
    "url": "http://gonzamartinez.blogspot.com/feeds/posts/default",
    "site": 1,
    "subtitle": "#sysadmin, #devops, #python y #erlang"
  },
  "model": "planet.feed",
  "pk": 44
},
{
  "fields": {
    "blog": 44,
    "last_checked": "2014-11-19T15:38:32.713Z",
    "last_modified": "2014-11-19T15:38:39.130Z",
    "info": null,
    "icon_url": null,
    "rights": null,
    "image_url": null,
    "etag": "",
    "generator": 1,
    "category": null,
    "language": "en",
    "guid": "e7a760505a318493f04a545b9ee2a1f6",
    "is_active": true,
    "title": "Damian's blog",
    "url": "http://www.damian.oquanta.info/rss.xml",
    "site": 1,
    "subtitle": "My place to share some thoughts with the world."
  },
  "model": "planet.feed",
  "pk": 45
},
{
  "fields": {
    "blog": 45,
    "last_checked": "2014-11-19T15:39:00.716Z",
    "last_modified": "2014-11-19T15:39:21.310Z",
    "info": null,
    "icon_url": null,
    "rights": null,
    "image_url": null,
    "etag": "W/\"beaa0452-9ef3-4e1f-a8c7-cd16784709d7\"",
    "generator": 5,
    "category": null,
    "language": null,
    "guid": "95cdd40dd3760c75fe0030b099c1317b",
    "is_active": true,
    "title": "Python in the Lab",
    "url": "http://python-in-the-lab.blogspot.de//feeds/posts/default/-/Python",
    "site": 1,
    "subtitle": ""
  },
  "model": "planet.feed",
  "pk": 46
},
{
  "fields": {
    "blog": 46,
    "last_checked": "2014-11-19T15:39:27.106Z",
    "last_modified": "2014-11-19T15:39:59.302Z",
    "info": null,
    "icon_url": null,
    "rights": null,
    "image_url": null,
    "etag": "W/\"5f4c38f4-bde9-4730-8ddc-6fb97852aac9\"",
    "generator": 5,
    "category": null,
    "language": null,
    "guid": "83d12f465aaf38adcc5e37e92a4ba470",
    "is_active": true,
    "title": "Demasiado Personal",
    "url": "http://gedece.blogspot.com/feeds/posts/default",
    "site": 1,
    "subtitle": "Extremadamente variado, como yo."
  },
  "model": "planet.feed",
  "pk": 47
},
{
  "fields": {
    "blog": 47,
    "last_checked": "2014-11-19T15:40:38.272Z",
    "last_modified": "2014-11-19T15:40:50.041Z",
    "info": null,
    "icon_url": null,
    "rights": null,
    "image_url": null,
    "etag": "W/\"F7Nq7K6APVrd4lv0wgRmYg==\"",
    "generator": 15,
    "category": null,
    "language": null,
    "guid": "cb723ff34a09242fe136834e20e2d486",
    "is_active": true,
    "title": "examplelab",
    "url": "http://www.examplelab.com.ar/rss/",
    "site": 1,
    "subtitle": "Mi laboratorio ecl\u00e9ctico de programaci\u00f3n."
  },
  "model": "planet.feed",
  "pk": 48
},
{
  "fields": {
    "blog": 48,
    "last_checked": "2014-11-19T15:40:58.176Z",
    "last_modified": "2014-11-19T15:41:00.976Z",
    "info": null,
    "icon_url": null,
    "rights": null,
    "image_url": null,
    "etag": "",
    "generator": 16,
    "category": null,
    "language": null,
    "guid": "5cb00756445450bafbb70e73c5456b38",
    "is_active": true,
    "title": "Felipe Lerena",
    "url": "http://www.felipelerena.com.ar/es/rss.xml",
    "site": 1,
    "subtitle": "Desarrollo, Mozilla y Misc."
  },
  "model": "planet.feed",
  "pk": 49
},
{
  "fields": {
    "blog": 49,
    "last_checked": "2014-11-19T15:41:29.750Z",
    "last_modified": "2014-11-19T15:41:37.135Z",
    "info": null,
    "icon_url": null,
    "rights": null,
    "image_url": null,
    "etag": "\"1416407132-1\"",
    "generator": null,
    "category": null,
    "language": "es",
    "guid": "685b554f4a32a04dd3576209259fd084",
    "is_active": true,
    "title": "No Todo Es Mec\u00e1nico",
    "url": "http://gilgamezh.me/dp/rss.xml",
    "site": 1,
    "subtitle": ""
  },
  "model": "planet.feed",
  "pk": 50
},
{
  "fields": {
    "feed": 1,
    "mime_type": "text/html",
    "rel": "alternate",
    "link": "http://mgaitan.github.io/"
  },
  "model": "planet.feedlink",
  "pk": 1
},
{
  "fields": {
    "feed": 2,
    "mime_type": "text/html",
    "rel": "alternate",
    "link": "http://blog.protocultura.net/"
  },
  "model": "planet.feedlink",
  "pk": 2
},
{
  "fields": {
    "feed": 3,
    "mime_type": "application/rss+xml",
    "rel": "self",
    "link": "http://www.ceportela.com.ar/feed/"
  },
  "model": "planet.feedlink",
  "pk": 3
},
{
  "fields": {
    "feed": 3,
    "mime_type": "text/html",
    "rel": "alternate",
    "link": "http://www.ceportela.com.ar"
  },
  "model": "planet.feedlink",
  "pk": 4
},
{
  "fields": {
    "feed": 4,
    "mime_type": "application/rss+xml",
    "rel": "self",
    "link": "http://www.taniquetil.com.ar/plog/rss/rss20/1"
  },
  "model": "planet.feedlink",
  "pk": 5
},
{
  "fields": {
    "feed": 4,
    "mime_type": "text/html",
    "rel": "alternate",
    "link": "http://www.taniquetil.com.ar/plog/blog/1"
  },
  "model": "planet.feedlink",
  "pk": 6
},
{
  "fields": {
    "feed": 5,
    "mime_type": "text/html",
    "rel": "alternate",
    "link": "http://gepatino.blogspot.com/"
  },
  "model": "planet.feedlink",
  "pk": 7
},
{
  "fields": {
    "feed": 5,
    "mime_type": "application/atom+xml",
    "rel": "next",
    "link": "http://www.blogger.com/feeds/3756650106003541758/posts/default?start-index=26&max-results=25&redirect=false"
  },
  "model": "planet.feedlink",
  "pk": 8
},
{
  "fields": {
    "feed": 5,
    "mime_type": "application/atom+xml",
    "rel": "self",
    "link": "http://feeds.feedburner.com/GabrielPatio"
  },
  "model": "planet.feedlink",
  "pk": 9
},
{
  "fields": {
    "feed": 5,
    "mime_type": "text/html",
    "rel": "hub",
    "link": "http://pubsubhubbub.appspot.com/"
  },
  "model": "planet.feedlink",
  "pk": 10
},
{
  "fields": {
    "feed": 6,
    "mime_type": "application/rss+xml",
    "rel": "self",
    "link": "http://gheize.wordpress.com/feed/"
  },
  "model": "planet.feedlink",
  "pk": 11
},
{
  "fields": {
    "feed": 6,
    "mime_type": "text/html",
    "rel": "alternate",
    "link": "http://gheize.wordpress.com"
  },
  "model": "planet.feedlink",
  "pk": 12
},
{
  "fields": {
    "feed": 6,
    "mime_type": "application/opensearchdescription+xml",
    "rel": "search",
    "link": "http://gheize.wordpress.com/osd.xml"
  },
  "model": "planet.feedlink",
  "pk": 13
},
{
  "fields": {
    "feed": 6,
    "mime_type": "text/html",
    "rel": "hub",
    "link": "http://gheize.wordpress.com/?pushpress=hub"
  },
  "model": "planet.feedlink",
  "pk": 14
},
{
  "fields": {
    "feed": 7,
    "mime_type": "application/rss+xml",
    "rel": "self",
    "link": "http://www.juanjoconti.com.ar/feed/"
  },
  "model": "planet.feedlink",
  "pk": 15
},
{
  "fields": {
    "feed": 7,
    "mime_type": "text/html",
    "rel": "alternate",
    "link": "http://www.juanjoconti.com.ar"
  },
  "model": "planet.feedlink",
  "pk": 16
},
{
  "fields": {
    "feed": 8,
    "mime_type": "text/html",
    "rel": "alternate",
    "link": "http://elblogdehumitos.com.ar/"
  },
  "model": "planet.feedlink",
  "pk": 17
},
{
  "fields": {
    "feed": 8,
    "mime_type": "application/rss+xml",
    "rel": "self",
    "link": "http://feeds.feedburner.com/Humitos"
  },
  "model": "planet.feedlink",
  "pk": 18
},
{
  "fields": {
    "feed": 8,
    "mime_type": "text/html",
    "rel": "hub",
    "link": "http://pubsubhubbub.appspot.com/"
  },
  "model": "planet.feedlink",
  "pk": 19
},
{
  "fields": {
    "feed": 9,
    "mime_type": "text/html",
    "rel": "alternate",
    "link": "http://blog.marcelofernandez.info"
  },
  "model": "planet.feedlink",
  "pk": 20
},
{
  "fields": {
    "feed": 9,
    "mime_type": "application/rss+xml",
    "rel": "self",
    "link": "http://feeds.feedburner.com/ElBlogDeMarcelo"
  },
  "model": "planet.feedlink",
  "pk": 21
},
{
  "fields": {
    "feed": 9,
    "mime_type": "text/html",
    "rel": "hub",
    "link": "http://pubsubhubbub.appspot.com/"
  },
  "model": "planet.feedlink",
  "pk": 22
},
{
  "fields": {
    "feed": 9,
    "mime_type": "text/html",
    "rel": "license",
    "link": "http://creativecommons.org/licenses/by-sa/3.0/"
  },
  "model": "planet.feedlink",
  "pk": 23
},
{
  "fields": {
    "feed": 10,
    "mime_type": "text/html",
    "rel": "alternate",
    "link": "http://chaghi.com.ar/blog"
  },
  "model": "planet.feedlink",
  "pk": 24
},
{
  "fields": {
    "feed": 10,
    "mime_type": "application/rss+xml",
    "rel": "self",
    "link": "http://feeds.feedburner.com/ElBlogDeChaghi"
  },
  "model": "planet.feedlink",
  "pk": 25
},
{
  "fields": {
    "feed": 10,
    "mime_type": "text/html",
    "rel": "hub",
    "link": "http://pubsubhubbub.appspot.com/"
  },
  "model": "planet.feedlink",
  "pk": 26
},
{
  "fields": {
    "feed": 11,
    "mime_type": "text/html",
    "rel": "alternate",
    "link": "http://www.grulic.org.ar/~mdione/glob//"
  },
  "model": "planet.feedlink",
  "pk": 27
},
{
  "fields": {
    "feed": 11,
    "mime_type": "application/atom+xml",
    "rel": "self",
    "link": "http://www.grulic.org.ar/~mdione/glob//index.atom"
  },
  "model": "planet.feedlink",
  "pk": 28
},
{
  "fields": {
    "feed": 12,
    "mime_type": "application/atom+xml",
    "rel": "http://schemas.google.com/g/2005#feed",
    "link": "http://pyar-olpc.blogspot.com/feeds/posts/default"
  },
  "model": "planet.feedlink",
  "pk": 29
},
{
  "fields": {
    "feed": 12,
    "mime_type": "application/atom+xml",
    "rel": "self",
    "link": "http://www.blogger.com/feeds/6142835846458877645/posts/default"
  },
  "model": "planet.feedlink",
  "pk": 30
},
{
  "fields": {
    "feed": 12,
    "mime_type": "text/html",
    "rel": "alternate",
    "link": "http://pyar-olpc.blogspot.com/"
  },
  "model": "planet.feedlink",
  "pk": 31
},
{
  "fields": {
    "feed": 12,
    "mime_type": "text/html",
    "rel": "hub",
    "link": "http://pubsubhubbub.appspot.com/"
  },
  "model": "planet.feedlink",
  "pk": 32
},
{
  "fields": {
    "feed": 13,
    "mime_type": "text/html",
    "rel": "alternate",
    "link": "http://ralsina.me"
  },
  "model": "planet.feedlink",
  "pk": 33
},
{
  "fields": {
    "feed": 14,
    "mime_type": "text/html",
    "rel": "alternate",
    "link": "http://es.robertoallende.com/"
  },
  "model": "planet.feedlink",
  "pk": 34
},
{
  "fields": {
    "feed": 15,
    "mime_type": "application/atom+xml",
    "rel": "self",
    "link": "http://www.blogger.com/feeds/3798215/posts/default"
  },
  "model": "planet.feedlink",
  "pk": 35
},
{
  "fields": {
    "feed": 15,
    "mime_type": "text/html",
    "rel": "alternate",
    "link": "http://www.bioinformatica.info/seba/"
  },
  "model": "planet.feedlink",
  "pk": 36
},
{
  "fields": {
    "feed": 15,
    "mime_type": "text/html",
    "rel": "hub",
    "link": "http://pubsubhubbub.appspot.com/"
  },
  "model": "planet.feedlink",
  "pk": 37
},
{
  "fields": {
    "feed": 15,
    "mime_type": "application/atom+xml",
    "rel": "next",
    "link": "http://www.blogger.com/feeds/3798215/posts/default?start-index=26&max-results=25"
  },
  "model": "planet.feedlink",
  "pk": 38
},
{
  "fields": {
    "feed": 15,
    "mime_type": "application/atom+xml",
    "rel": "http://schemas.google.com/g/2005#feed",
    "link": "http://www.bioinformatica.info/seba/atom.xml"
  },
  "model": "planet.feedlink",
  "pk": 39
},
{
  "fields": {
    "feed": 16,
    "mime_type": "text/html",
    "rel": "alternate",
    "link": "http://marianoguerra.org"
  },
  "model": "planet.feedlink",
  "pk": 40
},
{
  "fields": {
    "feed": 17,
    "mime_type": "application/atom+xml",
    "rel": "http://schemas.google.com/g/2005#feed",
    "link": "http://nmiyasato.blogspot.com/feeds/posts/default"
  },
  "model": "planet.feedlink",
  "pk": 41
},
{
  "fields": {
    "feed": 17,
    "mime_type": "application/atom+xml",
    "rel": "self",
    "link": "http://www.blogger.com/feeds/3383898984607865106/posts/default"
  },
  "model": "planet.feedlink",
  "pk": 42
},
{
  "fields": {
    "feed": 17,
    "mime_type": "text/html",
    "rel": "alternate",
    "link": "http://nmiyasato.blogspot.com/"
  },
  "model": "planet.feedlink",
  "pk": 43
},
{
  "fields": {
    "feed": 17,
    "mime_type": "text/html",
    "rel": "hub",
    "link": "http://pubsubhubbub.appspot.com/"
  },
  "model": "planet.feedlink",
  "pk": 44
},
{
  "fields": {
    "feed": 18,
    "mime_type": "application/rss+xml",
    "rel": "self",
    "link": "http://walter.alini.com.ar/blog/feed"
  },
  "model": "planet.feedlink",
  "pk": 45
},
{
  "fields": {
    "feed": 18,
    "mime_type": "text/html",
    "rel": "alternate",
    "link": "http://walter.alini.com.ar/blog"
  },
  "model": "planet.feedlink",
  "pk": 46
},
{
  "fields": {
    "feed": 19,
    "mime_type": "application/atom+xml",
    "rel": "http://schemas.google.com/g/2005#feed",
    "link": "http://www.diegosarmentero.com/feeds/posts/default"
  },
  "model": "planet.feedlink",
  "pk": 47
},
{
  "fields": {
    "feed": 19,
    "mime_type": "application/atom+xml",
    "rel": "self",
    "link": "http://www.blogger.com/feeds/819075243675565099/posts/default"
  },
  "model": "planet.feedlink",
  "pk": 48
},
{
  "fields": {
    "feed": 19,
    "mime_type": "text/html",
    "rel": "alternate",
    "link": "http://www.diegosarmentero.com/"
  },
  "model": "planet.feedlink",
  "pk": 49
},
{
  "fields": {
    "feed": 19,
    "mime_type": "text/html",
    "rel": "hub",
    "link": "http://pubsubhubbub.appspot.com/"
  },
  "model": "planet.feedlink",
  "pk": 50
},
{
  "fields": {
    "feed": 19,
    "mime_type": "application/atom+xml",
    "rel": "next",
    "link": "http://www.blogger.com/feeds/819075243675565099/posts/default?start-index=26&max-results=25"
  },
  "model": "planet.feedlink",
  "pk": 51
},
{
  "fields": {
    "feed": 20,
    "mime_type": "application/atom+xml",
    "rel": "http://schemas.google.com/g/2005#feed",
    "link": "http://scialvarez.blogspot.com/feeds/posts/default"
  },
  "model": "planet.feedlink",
  "pk": 52
},
{
  "fields": {
    "feed": 20,
    "mime_type": "application/atom+xml",
    "rel": "self",
    "link": "http://www.blogger.com/feeds/8905579061140084781/posts/default"
  },
  "model": "planet.feedlink",
  "pk": 53
},
{
  "fields": {
    "feed": 20,
    "mime_type": "text/html",
    "rel": "alternate",
    "link": "http://scialvarez.blogspot.com/"
  },
  "model": "planet.feedlink",
  "pk": 54
},
{
  "fields": {
    "feed": 20,
    "mime_type": "text/html",
    "rel": "hub",
    "link": "http://pubsubhubbub.appspot.com/"
  },
  "model": "planet.feedlink",
  "pk": 55
},
{
  "fields": {
    "feed": 21,
    "mime_type": "application/rss+xml",
    "rel": "self",
    "link": "http://www.patriciomolina.com/feed/"
  },
  "model": "planet.feedlink",
  "pk": 56
},
{
  "fields": {
    "feed": 21,
    "mime_type": "text/html",
    "rel": "alternate",
    "link": "http://www.patriciomolina.com"
  },
  "model": "planet.feedlink",
  "pk": 57
},
{
  "fields": {
    "feed": 21,
    "mime_type": "text/html",
    "rel": "license",
    "link": "http://creativecommons.org/licenses/by-sa/2.5/ar/"
  },
  "model": "planet.feedlink",
  "pk": 58
},
{
  "fields": {
    "feed": 22,
    "mime_type": "application/rss+xml",
    "rel": "self",
    "link": "http://sccp2009.wordpress.com/feed/"
  },
  "model": "planet.feedlink",
  "pk": 59
},
{
  "fields": {
    "feed": 22,
    "mime_type": "text/html",
    "rel": "alternate",
    "link": "http://sccp2009.wordpress.com"
  },
  "model": "planet.feedlink",
  "pk": 60
},
{
  "fields": {
    "feed": 22,
    "mime_type": "application/opensearchdescription+xml",
    "rel": "search",
    "link": "http://sccp2009.wordpress.com/osd.xml"
  },
  "model": "planet.feedlink",
  "pk": 61
},
{
  "fields": {
    "feed": 22,
    "mime_type": "text/html",
    "rel": "hub",
    "link": "http://sccp2009.wordpress.com/?pushpress=hub"
  },
  "model": "planet.feedlink",
  "pk": 62
},
{
  "fields": {
    "feed": 23,
    "mime_type": "text/html",
    "rel": "alternate",
    "link": "http://blog.joac.com.ar/"
  },
  "model": "planet.feedlink",
  "pk": 63
},
{
  "fields": {
    "feed": 23,
    "mime_type": "application/rss+xml",
    "rel": "self",
    "link": "http://feeds.feedburner.com/joaclandia"
  },
  "model": "planet.feedlink",
  "pk": 64
},
{
  "fields": {
    "feed": 23,
    "mime_type": "text/html",
    "rel": "hub",
    "link": "http://pubsubhubbub.appspot.com/"
  },
  "model": "planet.feedlink",
  "pk": 65
},
{
  "fields": {
    "feed": 24,
    "mime_type": "text/html",
    "rel": "alternate",
    "link": "http://mgaitan.github.io/"
  },
  "model": "planet.feedlink",
  "pk": 66
},
{
  "fields": {
    "feed": 25,
    "mime_type": "application/atom+xml",
    "rel": "http://schemas.google.com/g/2005#feed",
    "link": "http://yunoparatodos.blogspot.com/feeds/posts/default"
  },
  "model": "planet.feedlink",
  "pk": 67
},
{
  "fields": {
    "feed": 25,
    "mime_type": "application/atom+xml",
    "rel": "self",
    "link": "http://www.blogger.com/feeds/19597151/posts/default"
  },
  "model": "planet.feedlink",
  "pk": 68
},
{
  "fields": {
    "feed": 25,
    "mime_type": "text/html",
    "rel": "alternate",
    "link": "http://yunoparatodos.blogspot.com/"
  },
  "model": "planet.feedlink",
  "pk": 69
},
{
  "fields": {
    "feed": 25,
    "mime_type": "text/html",
    "rel": "hub",
    "link": "http://pubsubhubbub.appspot.com/"
  },
  "model": "planet.feedlink",
  "pk": 70
},
{
  "fields": {
    "feed": 25,
    "mime_type": "application/atom+xml",
    "rel": "next",
    "link": "http://www.blogger.com/feeds/19597151/posts/default?start-index=26&max-results=25"
  },
  "model": "planet.feedlink",
  "pk": 71
},
{
  "fields": {
    "feed": 26,
    "mime_type": "application/atom+xml",
    "rel": "http://schemas.google.com/g/2005#feed",
    "link": "http://lapilitadegutes.blogspot.com/feeds/posts/default"
  },
  "model": "planet.feedlink",
  "pk": 72
},
{
  "fields": {
    "feed": 26,
    "mime_type": "application/atom+xml",
    "rel": "self",
    "link": "http://www.blogger.com/feeds/1743125470502421334/posts/default"
  },
  "model": "planet.feedlink",
  "pk": 73
},
{
  "fields": {
    "feed": 26,
    "mime_type": "text/html",
    "rel": "alternate",
    "link": "http://lapilitadegutes.blogspot.com/"
  },
  "model": "planet.feedlink",
  "pk": 74
},
{
  "fields": {
    "feed": 26,
    "mime_type": "text/html",
    "rel": "hub",
    "link": "http://pubsubhubbub.appspot.com/"
  },
  "model": "planet.feedlink",
  "pk": 75
},
{
  "fields": {
    "feed": 27,
    "mime_type": "application/atom+xml",
    "rel": "http://schemas.google.com/g/2005#feed",
    "link": "http://evitalinuxera.blogspot.com/feeds/posts/default"
  },
  "model": "planet.feedlink",
  "pk": 76
},
{
  "fields": {
    "feed": 27,
    "mime_type": "application/atom+xml",
    "rel": "self",
    "link": "http://www.blogger.com/feeds/1222922637878520485/posts/default"
  },
  "model": "planet.feedlink",
  "pk": 77
},
{
  "fields": {
    "feed": 27,
    "mime_type": "text/html",
    "rel": "alternate",
    "link": "http://evitalinuxera.blogspot.com/"
  },
  "model": "planet.feedlink",
  "pk": 78
},
{
  "fields": {
    "feed": 27,
    "mime_type": "text/html",
    "rel": "hub",
    "link": "http://pubsubhubbub.appspot.com/"
  },
  "model": "planet.feedlink",
  "pk": 79
},
{
  "fields": {
    "feed": 27,
    "mime_type": "application/atom+xml",
    "rel": "next",
    "link": "http://www.blogger.com/feeds/1222922637878520485/posts/default?start-index=26&max-results=25"
  },
  "model": "planet.feedlink",
  "pk": 80
},
{
  "fields": {
    "feed": 28,
    "mime_type": "text/html",
    "rel": "alternate",
    "link": "http://alejolp.blogspot.com/"
  },
  "model": "planet.feedlink",
  "pk": 81
},
{
  "fields": {
    "feed": 28,
    "mime_type": "application/atom+xml",
    "rel": "next",
    "link": "http://www.blogger.com/feeds/9947347/posts/default?start-index=26&max-results=25&redirect=false"
  },
  "model": "planet.feedlink",
  "pk": 82
},
{
  "fields": {
    "feed": 28,
    "mime_type": "application/atom+xml",
    "rel": "self",
    "link": "http://feeds.feedburner.com/BlogDeAlejolp"
  },
  "model": "planet.feedlink",
  "pk": 83
},
{
  "fields": {
    "feed": 28,
    "mime_type": "text/html",
    "rel": "hub",
    "link": "http://pubsubhubbub.appspot.com/"
  },
  "model": "planet.feedlink",
  "pk": 84
},
{
  "fields": {
    "feed": 29,
    "mime_type": "application/atom+xml",
    "rel": "http://schemas.google.com/g/2005#feed",
    "link": "http://fisadev.blogspot.com/feeds/posts/default"
  },
  "model": "planet.feedlink",
  "pk": 85
},
{
  "fields": {
    "feed": 29,
    "mime_type": "application/atom+xml",
    "rel": "self",
    "link": "http://www.blogger.com/feeds/4759448024504207667/posts/default"
  },
  "model": "planet.feedlink",
  "pk": 86
},
{
  "fields": {
    "feed": 29,
    "mime_type": "text/html",
    "rel": "alternate",
    "link": "http://fisadev.blogspot.com/"
  },
  "model": "planet.feedlink",
  "pk": 87
},
{
  "fields": {
    "feed": 29,
    "mime_type": "text/html",
    "rel": "hub",
    "link": "http://pubsubhubbub.appspot.com/"
  },
  "model": "planet.feedlink",
  "pk": 88
},
{
  "fields": {
    "feed": 29,
    "mime_type": "application/atom+xml",
    "rel": "next",
    "link": "http://www.blogger.com/feeds/4759448024504207667/posts/default?start-index=26&max-results=25"
  },
  "model": "planet.feedlink",
  "pk": 89
},
{
  "fields": {
    "feed": 30,
    "mime_type": "application/rss+xml",
    "rel": "self",
    "link": "http://eordano.com/feed/"
  },
  "model": "planet.feedlink",
  "pk": 90
},
{
  "fields": {
    "feed": 30,
    "mime_type": "text/html",
    "rel": "alternate",
    "link": "https://eordano.com"
  },
  "model": "planet.feedlink",
  "pk": 91
},
{
  "fields": {
    "feed": 31,
    "mime_type": "application/atom+xml",
    "rel": "http://schemas.google.com/g/2005#feed",
    "link": "http://stealthissoftware.blogspot.com/feeds/posts/default"
  },
  "model": "planet.feedlink",
  "pk": 92
},
{
  "fields": {
    "feed": 31,
    "mime_type": "application/atom+xml",
    "rel": "self",
    "link": "http://www.blogger.com/feeds/1800461261730007882/posts/default"
  },
  "model": "planet.feedlink",
  "pk": 93
},
{
  "fields": {
    "feed": 31,
    "mime_type": "text/html",
    "rel": "alternate",
    "link": "http://stealthissoftware.blogspot.com/"
  },
  "model": "planet.feedlink",
  "pk": 94
},
{
  "fields": {
    "feed": 31,
    "mime_type": "text/html",
    "rel": "hub",
    "link": "http://pubsubhubbub.appspot.com/"
  },
  "model": "planet.feedlink",
  "pk": 95
},
{
  "fields": {
    "feed": 31,
    "mime_type": "application/atom+xml",
    "rel": "next",
    "link": "http://www.blogger.com/feeds/1800461261730007882/posts/default?start-index=26&max-results=25"
  },
  "model": "planet.feedlink",
  "pk": 96
},
{
  "fields": {
    "feed": 32,
    "mime_type": "application/rss+xml",
    "rel": "self",
    "link": "http://pycj.wordpress.com/feed/"
  },
  "model": "planet.feedlink",
  "pk": 97
},
{
  "fields": {
    "feed": 32,
    "mime_type": "text/html",
    "rel": "alternate",
    "link": "http://pycj.wordpress.com"
  },
  "model": "planet.feedlink",
  "pk": 98
},
{
  "fields": {
    "feed": 32,
    "mime_type": "application/opensearchdescription+xml",
    "rel": "search",
    "link": "http://pycj.wordpress.com/osd.xml"
  },
  "model": "planet.feedlink",
  "pk": 99
},
{
  "fields": {
    "feed": 32,
    "mime_type": "text/html",
    "rel": "hub",
    "link": "http://pycj.wordpress.com/?pushpress=hub"
  },
  "model": "planet.feedlink",
  "pk": 100
},
{
  "fields": {
    "feed": 33,
    "mime_type": "text/html",
    "rel": "alternate",
    "link": "http://linux-noa.blogspot.com/"
  },
  "model": "planet.feedlink",
  "pk": 101
},
{
  "fields": {
    "feed": 33,
    "mime_type": "application/atom+xml",
    "rel": "next",
    "link": "http://www.blogger.com/feeds/6907312492241516013/posts/default?start-index=26&max-results=25&redirect=false"
  },
  "model": "planet.feedlink",
  "pk": 102
},
{
  "fields": {
    "feed": 33,
    "mime_type": "application/atom+xml",
    "rel": "self",
    "link": "http://feeds.feedburner.com/linux-noa2"
  },
  "model": "planet.feedlink",
  "pk": 103
},
{
  "fields": {
    "feed": 33,
    "mime_type": "text/html",
    "rel": "hub",
    "link": "http://pubsubhubbub.appspot.com/"
  },
  "model": "planet.feedlink",
  "pk": 104
},
{
  "fields": {
    "feed": 34,
    "mime_type": "text/html",
    "rel": "alternate",
    "link": "http://www.jugandoacarpediem.com.ar/"
  },
  "model": "planet.feedlink",
  "pk": 105
},
{
  "fields": {
    "feed": 34,
    "mime_type": "application/rss+xml",
    "rel": "self",
    "link": "http://www.jugandoacarpediem.com.ar/rss.xml"
  },
  "model": "planet.feedlink",
  "pk": 106
},
{
  "fields": {
    "feed": 35,
    "mime_type": "application/atom+xml",
    "rel": "http://schemas.google.com/g/2005#feed",
    "link": "http://pcostesi.blogspot.com/feeds/posts/default"
  },
  "model": "planet.feedlink",
  "pk": 107
},
{
  "fields": {
    "feed": 35,
    "mime_type": "application/atom+xml",
    "rel": "self",
    "link": "http://www.blogger.com/feeds/15310795/posts/default"
  },
  "model": "planet.feedlink",
  "pk": 108
},
{
  "fields": {
    "feed": 35,
    "mime_type": "text/html",
    "rel": "alternate",
    "link": "http://pcostesi.blogspot.com/"
  },
  "model": "planet.feedlink",
  "pk": 109
},
{
  "fields": {
    "feed": 35,
    "mime_type": "text/html",
    "rel": "hub",
    "link": "http://pubsubhubbub.appspot.com/"
  },
  "model": "planet.feedlink",
  "pk": 110
},
{
  "fields": {
    "feed": 36,
    "mime_type": "text/html",
    "rel": "alternate",
    "link": "http://malev.com.ar/"
  },
  "model": "planet.feedlink",
  "pk": 111
},
{
  "fields": {
    "feed": 36,
    "mime_type": "application/atom+xml",
    "rel": "self",
    "link": "http://feeds.feedburner.com/malev"
  },
  "model": "planet.feedlink",
  "pk": 112
},
{
  "fields": {
    "feed": 36,
    "mime_type": "text/html",
    "rel": "hub",
    "link": "http://pubsubhubbub.appspot.com/"
  },
  "model": "planet.feedlink",
  "pk": 113
},
{
  "fields": {
    "feed": 37,
    "mime_type": "application/atom+xml",
    "rel": "http://schemas.google.com/g/2005#feed",
    "link": "http://reingart.blogspot.com/feeds/posts/default"
  },
  "model": "planet.feedlink",
  "pk": 114
},
{
  "fields": {
    "feed": 37,
    "mime_type": "application/atom+xml",
    "rel": "self",
    "link": "http://www.blogger.com/feeds/2304908645814887524/posts/default"
  },
  "model": "planet.feedlink",
  "pk": 115
},
{
  "fields": {
    "feed": 37,
    "mime_type": "text/html",
    "rel": "alternate",
    "link": "http://reingart.blogspot.com/"
  },
  "model": "planet.feedlink",
  "pk": 116
},
{
  "fields": {
    "feed": 37,
    "mime_type": "text/html",
    "rel": "hub",
    "link": "http://pubsubhubbub.appspot.com/"
  },
  "model": "planet.feedlink",
  "pk": 117
},
{
  "fields": {
    "feed": 37,
    "mime_type": "application/atom+xml",
    "rel": "next",
    "link": "http://www.blogger.com/feeds/2304908645814887524/posts/default?start-index=26&max-results=25"
  },
  "model": "planet.feedlink",
  "pk": 118
},
{
  "fields": {
    "feed": 38,
    "mime_type": "text/html",
    "rel": "alternate",
    "link": "http://www.tail-f.com.ar"
  },
  "model": "planet.feedlink",
  "pk": 119
},
{
  "fields": {
    "feed": 38,
    "mime_type": "application/rss+xml",
    "rel": "self",
    "link": "http://feeds.feedburner.com/Tail-fSysadmin"
  },
  "model": "planet.feedlink",
  "pk": 120
},
{
  "fields": {
    "feed": 38,
    "mime_type": "text/html",
    "rel": "hub",
    "link": "http://pubsubhubbub.appspot.com/"
  },
  "model": "planet.feedlink",
  "pk": 121
},
{
  "fields": {
    "feed": 39,
    "mime_type": "text/html",
    "rel": "alternate",
    "link": "http://maxirobaina.tumblr.com/"
  },
  "model": "planet.feedlink",
  "pk": 122
},
{
  "fields": {
    "feed": 39,
    "mime_type": "application/rss+xml",
    "rel": "self",
    "link": "http://feeds.feedburner.com/maxirobaina"
  },
  "model": "planet.feedlink",
  "pk": 123
},
{
  "fields": {
    "feed": 39,
    "mime_type": "text/html",
    "rel": "hub",
    "link": "http://pubsubhubbub.appspot.com/"
  },
  "model": "planet.feedlink",
  "pk": 124
},
{
  "fields": {
    "feed": 40,
    "mime_type": "application/rss+xml",
    "rel": "self",
    "link": "http://jbcabral.com/feed/"
  },
  "model": "planet.feedlink",
  "pk": 125
},
{
  "fields": {
    "feed": 40,
    "mime_type": "text/html",
    "rel": "alternate",
    "link": "http://jbcabral.com"
  },
  "model": "planet.feedlink",
  "pk": 126
},
{
  "fields": {
    "feed": 40,
    "mime_type": "application/opensearchdescription+xml",
    "rel": "search",
    "link": "http://jbcabral.com/osd.xml"
  },
  "model": "planet.feedlink",
  "pk": 127
},
{
  "fields": {
    "feed": 40,
    "mime_type": "text/html",
    "rel": "hub",
    "link": "http://jbcabral.com/?pushpress=hub"
  },
  "model": "planet.feedlink",
  "pk": 128
},
{
  "fields": {
    "feed": 41,
    "mime_type": "application/rss+xml",
    "rel": "self",
    "link": "http://ralgozino.wordpress.com/feed/"
  },
  "model": "planet.feedlink",
  "pk": 129
},
{
  "fields": {
    "feed": 41,
    "mime_type": "text/html",
    "rel": "alternate",
    "link": "http://ralgozino.wordpress.com"
  },
  "model": "planet.feedlink",
  "pk": 130
},
{
  "fields": {
    "feed": 41,
    "mime_type": "application/opensearchdescription+xml",
    "rel": "search",
    "link": "http://ralgozino.wordpress.com/osd.xml"
  },
  "model": "planet.feedlink",
  "pk": 131
},
{
  "fields": {
    "feed": 41,
    "mime_type": "text/html",
    "rel": "hub",
    "link": "http://ralgozino.wordpress.com/?pushpress=hub"
  },
  "model": "planet.feedlink",
  "pk": 132
},
{
  "fields": {
    "feed": 42,
    "mime_type": "text/html",
    "rel": "alternate",
    "link": "http://pyconar.blogspot.com/"
  },
  "model": "planet.feedlink",
  "pk": 133
},
{
  "fields": {
    "feed": 43,
    "mime_type": "application/atom+xml",
    "rel": "http://schemas.google.com/g/2005#feed",
    "link": "http://focojoaco.blogspot.com/feeds/posts/default"
  },
  "model": "planet.feedlink",
  "pk": 134
},
{
  "fields": {
    "feed": 43,
    "mime_type": "application/atom+xml",
    "rel": "self",
    "link": "http://www.blogger.com/feeds/26073130/posts/default"
  },
  "model": "planet.feedlink",
  "pk": 135
},
{
  "fields": {
    "feed": 43,
    "mime_type": "text/html",
    "rel": "alternate",
    "link": "http://focojoaco.blogspot.com/"
  },
  "model": "planet.feedlink",
  "pk": 136
},
{
  "fields": {
    "feed": 43,
    "mime_type": "text/html",
    "rel": "hub",
    "link": "http://pubsubhubbub.appspot.com/"
  },
  "model": "planet.feedlink",
  "pk": 137
},
{
  "fields": {
    "feed": 43,
    "mime_type": "application/atom+xml",
    "rel": "next",
    "link": "http://www.blogger.com/feeds/26073130/posts/default?start-index=26&max-results=25"
  },
  "model": "planet.feedlink",
  "pk": 138
},
{
  "fields": {
    "feed": 44,
    "mime_type": "application/atom+xml",
    "rel": "http://schemas.google.com/g/2005#feed",
    "link": "http://blog.deploshark.com.ar/feeds/posts/default"
  },
  "model": "planet.feedlink",
  "pk": 139
},
{
  "fields": {
    "feed": 44,
    "mime_type": "application/atom+xml",
    "rel": "self",
    "link": "http://www.blogger.com/feeds/5700899517559664773/posts/default"
  },
  "model": "planet.feedlink",
  "pk": 140
},
{
  "fields": {
    "feed": 44,
    "mime_type": "text/html",
    "rel": "alternate",
    "link": "http://blog.deploshark.com.ar/"
  },
  "model": "planet.feedlink",
  "pk": 141
},
{
  "fields": {
    "feed": 44,
    "mime_type": "text/html",
    "rel": "hub",
    "link": "http://pubsubhubbub.appspot.com/"
  },
  "model": "planet.feedlink",
  "pk": 142
},
{
  "fields": {
    "feed": 44,
    "mime_type": "application/atom+xml",
    "rel": "next",
    "link": "http://www.blogger.com/feeds/5700899517559664773/posts/default?start-index=26&max-results=25"
  },
  "model": "planet.feedlink",
  "pk": 143
},
{
  "fields": {
    "feed": 45,
    "mime_type": "text/html",
    "rel": "alternate",
    "link": "http://www.damian.oquanta.info/"
  },
  "model": "planet.feedlink",
  "pk": 144
},
{
  "fields": {
    "feed": 46,
    "mime_type": "application/atom+xml",
    "rel": "http://schemas.google.com/g/2005#feed",
    "link": "http://python-in-the-lab.blogspot.com/feeds/posts/default"
  },
  "model": "planet.feedlink",
  "pk": 145
},
{
  "fields": {
    "feed": 46,
    "mime_type": "application/atom+xml",
    "rel": "self",
    "link": "http://www.blogger.com/feeds/3699187172505958352/posts/default/-/Python"
  },
  "model": "planet.feedlink",
  "pk": 146
},
{
  "fields": {
    "feed": 46,
    "mime_type": "text/html",
    "rel": "alternate",
    "link": "http://python-in-the-lab.blogspot.com/search/label/Python"
  },
  "model": "planet.feedlink",
  "pk": 147
},
{
  "fields": {
    "feed": 46,
    "mime_type": "text/html",
    "rel": "hub",
    "link": "http://pubsubhubbub.appspot.com/"
  },
  "model": "planet.feedlink",
  "pk": 148
},
{
  "fields": {
    "feed": 47,
    "mime_type": "application/atom+xml",
    "rel": "http://schemas.google.com/g/2005#feed",
    "link": "http://gedece.blogspot.com/feeds/posts/default"
  },
  "model": "planet.feedlink",
  "pk": 149
},
{
  "fields": {
    "feed": 47,
    "mime_type": "application/atom+xml",
    "rel": "self",
    "link": "http://www.blogger.com/feeds/28843366/posts/default"
  },
  "model": "planet.feedlink",
  "pk": 150
},
{
  "fields": {
    "feed": 47,
    "mime_type": "text/html",
    "rel": "alternate",
    "link": "http://gedece.blogspot.com/"
  },
  "model": "planet.feedlink",
  "pk": 151
},
{
  "fields": {
    "feed": 47,
    "mime_type": "text/html",
    "rel": "hub",
    "link": "http://pubsubhubbub.appspot.com/"
  },
  "model": "planet.feedlink",
  "pk": 152
},
{
  "fields": {
    "feed": 47,
    "mime_type": "application/atom+xml",
    "rel": "next",
    "link": "http://www.blogger.com/feeds/28843366/posts/default?start-index=26&max-results=25"
  },
  "model": "planet.feedlink",
  "pk": 153
},
{
  "fields": {
    "feed": 48,
    "mime_type": "text/html",
    "rel": "alternate",
    "link": "http://www.examplelab.com.ar/"
  },
  "model": "planet.feedlink",
  "pk": 154
},
{
  "fields": {
    "feed": 48,
    "mime_type": "application/rss+xml",
    "rel": "self",
    "link": "http://www.examplelab.com.ar/rss/"
  },
  "model": "planet.feedlink",
  "pk": 155
},
{
  "fields": {
    "feed": 49,
    "mime_type": "text/html",
    "rel": "alternate",
    "link": "http://www.felipelerena.com.ar"
  },
  "model": "planet.feedlink",
  "pk": 156
},
{
  "fields": {
    "feed": 50,
    "mime_type": "text/html",
    "rel": "alternate",
    "link": "http://gilgamezh.me/dp"
  },
  "model": "planet.feedlink",
  "pk": 157
}
]
